﻿"_id","DATA_DE_CONCESSIO","TITOL","IMPORT","BASES_REGULADORES","BENEFICIARI","INSTRUMENT","AJUDA_EQUIVALENT","APLICACIO_PRESSUPOSTARIA","CODI_ENS","NOM_ENS"
"1615","2018-06-07T00:00:00","subvenciones municipales para el año 2018","1.500 00","www.angles.cat","G17450891 COLLA DE GEGANTERS I GRAELLERS D'ANGLES","SUBVENCIÓN Y ENTREGA DINERARIA SIN CONTRAPRESTACIÓN ","1.500 00","2018-334.48003","1700840003","Ajuntament d'Anglès"
"1616","2018-06-07T00:00:00","subvenciones municipales para el año 2018","1.455 04","www.angles.cat","G17069824 APA DEL COL.LEGI PUBLICPOMPEU FABRA D ANGLES","SUBVENCIÓN Y ENTREGA DINERARIA SIN CONTRAPRESTACIÓN ","1.455 04","2018-334.48003","1700840003","Ajuntament d'Anglès"
"1617","2018-06-07T00:00:00","subvenciones municipales para el año 2018","1.500 00","www.angles.cat","G17268392 CLUB ESPORTIU ANGLES","SUBVENCIÓN Y ENTREGA DINERARIA SIN CONTRAPRESTACIÓN ","1.500 00","2018-341.48000","1700840003","Ajuntament d'Anglès"
"1618","2018-06-07T00:00:00","subvenciones municipales para el año 2018","1.500 00","www.angles.cat","G17269689 CLUB PETANCA D'ANGLES","SUBVENCIÓN Y ENTREGA DINERARIA SIN CONTRAPRESTACIÓN ","1.500 00","2018-341.48000","1700840003","Ajuntament d'Anglès"
"1614","2018-06-07T00:00:00","subvenciones municipales para el año 2018","1.500 00","www.angles.cat","J17941600 GRUP PER LA RECUPERACIO DE L'ANTIGA ESG","SUBVENCIÓN Y ENTREGA DINERARIA SIN CONTRAPRESTACIÓN ","1.500 00","2018-334.48003","1700840003","Ajuntament d'Anglès"
"1608","2018-06-07T00:00:00","subvenciones municipales para el año 2018","1.500 00","www.angles.cat","G17824954 ASSOCIACIO VAUX-ANGLES","SUBVENCIÓN Y ENTREGA DINERARIA SIN CONTRAPRESTACIÓN ","1.500 00","2018-334.48003","1700840003","Ajuntament d'Anglès"
"1609","2018-06-07T00:00:00","subvenciones municipales para el año 2018","1.262 18","www.angles.cat","G17271578 SOCIETAT DE PESCADORS ESPORTIUS D´ANGLES I COMARCA","SUBVENCIÓN Y ENTREGA DINERARIA SIN CONTRAPRESTACIÓN ","1.262 18","2018-341.48000","1700840003","Ajuntament d'Anglès"
"1610","2018-06-07T00:00:00","subvenciones municipales para el año 2018","1.500 00","www.angles.cat","G17117516 AGRUPACIO SARDANISTA I CULTURAL FLORICEL DE ANGLES","SUBVENCIÓN Y ENTREGA DINERARIA SIN CONTRAPRESTACIÓN ","1.500 00","2018-334.48003","1700840003","Ajuntament d'Anglès"
"1611","2018-06-07T00:00:00","subvenciones municipales para el año 2018","1.500 00","www.angles.cat","G17485509 CLUB WATERPOLO ANGLES","SUBVENCIÓN Y ENTREGA DINERARIA SIN CONTRAPRESTACIÓN ","1.500 00","2018-341.48000","1700840003","Ajuntament d'Anglès"
"1612","2018-06-07T00:00:00","subvenciones municipales para el año 2018","760 09","www.angles.cat","G66050485 CLUB CANICROSS GOSESPORT CATALUNYA","SUBVENCIÓN Y ENTREGA DINERARIA SIN CONTRAPRESTACIÓN ","760 09","2018-341.48000","1700840003","Ajuntament d'Anglès"
"1613","2018-06-07T00:00:00","subvenciones municipales para el año 2018","1.500 00","www.angles.cat","G55211023 ASSOCIACIO DE FUTBOL ANGLES-TERBRUGENT","SUBVENCIÓN Y ENTREGA DINERARIA SIN CONTRAPRESTACIÓN ","1.500 00","2018-341.48000","1700840003","Ajuntament d'Anglès"
"1619","2018-06-07T00:00:00","subvenciones municipales para el año 2018","1.500 00","www.angles.cat","G55195101 ASSOC CULTURAL AMATEUR DE DANSA-TEATRE APSARAH","SUBVENCIÓN Y ENTREGA DINERARIA SIN CONTRAPRESTACIÓN ","1.500 00","2018-334.48003","1700840003","Ajuntament d'Anglès"
"1620","2018-06-07T00:00:00","subvenciones municipales para el año 2018","1.500 00","www.angles.cat","G17796368 CLUB PATI ANGLES","SUBVENCIÓN Y ENTREGA DINERARIA SIN CONTRAPRESTACIÓN ","1.500 00","2018-341.48000","1700840003","Ajuntament d'Anglès"
"1621","2018-06-07T00:00:00","subvenciones municipales para el año 2018","1.500 00","www.angles.cat","G17281510 SOCIEDAD DE CAZADORES DEPORTIVOS DE ANGLES Y COMAR","SUBVENCIÓN Y ENTREGA DINERARIA SIN CONTRAPRESTACIÓN ","1.500 00","2018-341.48000","1700840003","Ajuntament d'Anglès"
"1622","2018-06-07T00:00:00","subvenciones municipales para el año 2018","1.500 00","www.angles.cat","G17296534 GRUP DE TEATRE  BAMBOLINA D'ANGLES","SUBVENCIÓN Y ENTREGA DINERARIA SIN CONTRAPRESTACIÓN ","1.500 00","2018-334.48003","1700840003","Ajuntament d'Anglès"
"1623","2018-06-07T00:00:00","subvenciones municipales para el año 2018","1.500 00","www.angles.cat","G17967167 CLUB BASQUET ANGLES","SUBVENCIÓN Y ENTREGA DINERARIA SIN CONTRAPRESTACIÓN ","1.500 00","2018-341.48000","1700840003","Ajuntament d'Anglès"
"1624","2018-06-07T00:00:00","subvenciones municipales para el año 2018","1.110 00","www.angles.cat","G17601733 AGRUPACIÓ DE VOLUNTARIS D'ANGLÈS","SUBVENCIÓN Y ENTREGA DINERARIA SIN CONTRAPRESTACIÓN ","1.110 00","2018-334.48003","1700840003","Ajuntament d'Anglès"
"1625","2018-06-07T00:00:00","subvenciones municipales para el año 2018","1.500 00","www.angles.cat","G17471988 AMICS DE SANTA BARBARA","SUBVENCIÓN Y ENTREGA DINERARIA SIN CONTRAPRESTACIÓN ","1.500 00","2018-334.48003","1700840003","Ajuntament d'Anglès"
"1626","2018-05-17T00:00:00","Ayudas a la rehabilitación y restauración de fachadas de los edificios del Barri Antiguo de Anglès","756 00","http://www.angles.cat","***0800** JUAN VALENCIA PALOM","SUBVENCIÓN Y ENTREGA DINERARIA SIN CONTRAPRESTACIÓN ","756 00","2018-1522.78000","1700840003","Ajuntament d'Anglès"
"1627","2018-05-17T00:00:00","Ayudas a la rehabilitación y restauración de fachadas de los edificios del Barri Antiguo de Anglès","1.165 73","http://www.angles.cat","E17074303 FELIU MARTI JOSEP MARIA FELIU MARTI LLUIS CB","SUBVENCIÓN Y ENTREGA DINERARIA SIN CONTRAPRESTACIÓN ","1.165 73","2018-1522.78000","1700840003","Ajuntament d'Anglès"
"1628","2018-03-15T00:00:00","Convenio de colaboración robotica","1.000 00","www.angles.cat","Q6755053C ESCOLA POMPEU FABRA","SUBVENCIÓN Y ENTREGA DINERARIA SIN CONTRAPRESTACIÓN ","1.000 00","2018-323.45390","1700840003","Ajuntament d'Anglès"
"1629","2018-02-27T00:00:00","Ayudas a la rehabilitación y restauración de fachadas de los edificios del Barri Antiguo de Anglès","312 50","http://www.angles.cat","***9162** JOSEP MODROVEJO XIFRA","SUBVENCIÓN Y ENTREGA DINERARIA SIN CONTRAPRESTACIÓN ","312 50","2018-152278000","1700840003","Ajuntament d'Anglès"
"1630","2017-12-20T00:00:00","Convocatòria ayuda rehabilitación de fachadas del Barrio Antiguo de Anglès","1.324 35","http://www.angles.cat","***9688** ALBERT ABELLO VILARDEBO","SUBVENCIÓN Y ENTREGA DINERARIA SIN CONTRAPRESTACIÓN ","1.324 35","2017-1522.78000","1700840003","Ajuntament d'Anglès"
"1631","2017-11-16T00:00:00","Bases específicas reguladoras de la concesión de subvenciones municipales para el año 2017","1.000 00","http://www.angles.cat","G08931974 MINYONS ESCOLTES GUIES SANT JORDI DE CATALUNYA","SUBVENCIÓN Y ENTREGA DINERARIA SIN CONTRAPRESTACIÓN ","1.000 00","2017-334.48003","1700840003","Ajuntament d'Anglès"
"1632","2017-11-16T00:00:00","Bases específicas reguladoras de la concesión de subvenciones municipales para el año 2017","1.500 00","http://www.angles.cat","G17117516 AGRUPACIO SARDANISTA I CULTURAL FLORICEL DE ANGLES","SUBVENCIÓN Y ENTREGA DINERARIA SIN CONTRAPRESTACIÓN ","1.500 00","2017-334.48003","1700840003","Ajuntament d'Anglès"
"1633","2017-11-16T00:00:00","Bases específicas reguladoras de la concesión de subvenciones municipales para el año 2017","1.500 00","http://www.angles.cat","G17967167 CLUB BASQUET ANGLES","SUBVENCIÓN Y ENTREGA DINERARIA SIN CONTRAPRESTACIÓN ","1.500 00","2017-341.48000","1700840003","Ajuntament d'Anglès"
"1634","2017-11-16T00:00:00","Bases específicas reguladoras de la concesión de subvenciones municipales para el año 2017","985 00","http://www.angles.cat","G17601733 AGRUPACIÓ DE VOLUNTARIS D'ANGLÈS","SUBVENCIÓN Y ENTREGA DINERARIA SIN CONTRAPRESTACIÓN ","985 00","2017-334.48003","1700840003","Ajuntament d'Anglès"
"1635","2017-11-16T00:00:00","Bases específicas reguladoras de la concesión de subvenciones municipales para el año 2017","1.500 00","http://www.angles.cat","G17269689 CLUB PETANCA D'ANGLES","SUBVENCIÓN Y ENTREGA DINERARIA SIN CONTRAPRESTACIÓN ","1.500 00","2017-341.48000","1700840003","Ajuntament d'Anglès"
"1636","2017-11-16T00:00:00","Bases específicas reguladoras de la concesión de subvenciones municipales para el año 2017","1.500 00","http://www.angles.cat","G17296534 GRUP DE TEATRE  BAMBOLINA D'ANGLES","SUBVENCIÓN Y ENTREGA DINERARIA SIN CONTRAPRESTACIÓN ","1.500 00","2017-334.48003","1700840003","Ajuntament d'Anglès"
"1637","2017-11-16T00:00:00","Bases específicas reguladoras de la concesión de subvenciones municipales para el año 2017","1.500 00","http://www.angles.cat","G17450891 COLLA DE GEGANTERS I GRAELLERS D'ANGLES","SUBVENCIÓN Y ENTREGA DINERARIA SIN CONTRAPRESTACIÓN ","1.500 00","2017-334.48003","1700840003","Ajuntament d'Anglès"
"1638","2017-11-16T00:00:00","Bases específicas reguladoras de la concesión de subvenciones municipales para el año 2017","1.500 00","http://www.angles.cat","G17796368 CLUB PATI ANGLES","SUBVENCIÓN Y ENTREGA DINERARIA SIN CONTRAPRESTACIÓN ","1.500 00","2017-341.48000","1700840003","Ajuntament d'Anglès"
"1639","2017-11-16T00:00:00","Bases específicas reguladoras de la concesión de subvenciones municipales para el año 2017","1.500 00","http://www.angles.cat","G17824954 ASSOCIACIO VAUX-ANGLES","SUBVENCIÓN Y ENTREGA DINERARIA SIN CONTRAPRESTACIÓN ","1.500 00","2017-334.48003","1700840003","Ajuntament d'Anglès"
"1640","2017-11-16T00:00:00","Bases específicas reguladoras de la concesión de subvenciones municipales para el año 2017","1.262 18","http://www.angles.cat","G17271578 SOCIETAT DE PESCADORS ESPORTIUS D´ANGLES I COMARCA","SUBVENCIÓN Y ENTREGA DINERARIA SIN CONTRAPRESTACIÓN ","1.262 18","2017-341.48000","1700840003","Ajuntament d'Anglès"
"1641","2017-11-16T00:00:00","Bases específicas reguladoras de la concesión de subvenciones municipales para el año 2017","1.500 00","http://www.angles.cat","G55211023 ASSOCIACIO DE FUTBOL ANGLES-TERBRUGENT","SUBVENCIÓN Y ENTREGA DINERARIA SIN CONTRAPRESTACIÓN ","1.500 00","2017-341.48000","1700840003","Ajuntament d'Anglès"
"1642","2017-11-16T00:00:00","Bases específicas reguladoras de la concesión de subvenciones municipales para el año 2017","1.500 00","http://www.angles.cat","J17941600 GRUP PER LA RECUPERACIO DE L'ANTIGA ESG","SUBVENCIÓN Y ENTREGA DINERARIA SIN CONTRAPRESTACIÓN ","1.500 00","2017-334.48003","1700840003","Ajuntament d'Anglès"
"1643","2017-11-16T00:00:00","Bases específicas reguladoras de la concesión de subvenciones municipales para el año 2017","1.500 00","http://www.angles.cat","G17268392 CLUB ESPORTIU ANGLES","SUBVENCIÓN Y ENTREGA DINERARIA SIN CONTRAPRESTACIÓN ","1.500 00","2017-341.48000","1700840003","Ajuntament d'Anglès"
"1644","2017-08-07T00:00:00","Convocatòria ayuda rehabilitación de fachadas del Barrio Antiguo de Anglès","1.209 60","http://www.angles.cat","H17304809 CDAD PROP C/ COMERÇ NUM. 4 D'ANGLES","SUBVENCIÓN Y ENTREGA DINERARIA SIN CONTRAPRESTACIÓN ","1.209 60","2017-1522.78000","1700840003","Ajuntament d'Anglès"
"1645","2017-08-07T00:00:00","Convocatòria ayuda rehabilitación de fachadas del Barrio Antiguo de Anglès","757 06","http://www.angles.cat","***6747** CRISTINA FELIU QUINTANA","SUBVENCIÓN Y ENTREGA DINERARIA SIN CONTRAPRESTACIÓN ","757 06","2017-1522.78000","1700840003","Ajuntament d'Anglès"
"1646","2016-11-15T00:00:00","BASES ESPECÍFICAS REGULADORAS DE LA CONCESIÓN DE SUBVENCIONES MUNICIPALES DEL AYUNTAMIENTO DE ANGLÈS PARA EL AÑO 2016 A OTORGAR POR CONCURRENCIA COMPETITIVA.","1.500 00","http://www.ddgi.cat/bop/faces/consultaF/index.html","G17450891 COLLA DE GEGANTERS I GRAELLERS D'ANGLES","SUBVENCIÓN Y ENTREGA DINERARIA SIN CONTRAPRESTACIÓN ","1.500 00","2016-334 48003","1700840003","Ajuntament d'Anglès"
"1647","2016-11-15T00:00:00","BASES ESPECÍFICAS REGULADORAS DE LA CONCESIÓN DE SUBVENCIONES MUNICIPALES DEL AYUNTAMIENTO DE ANGLÈS PARA EL AÑO 2016 A OTORGAR POR CONCURRENCIA COMPETITIVA.","1.500 00","http://www.ddgi.cat/bop/faces/consultaF/index.html","G17117516 AGRUPACIO SARDANISTA I CULTURAL FLORICEL DE ANGLES","SUBVENCIÓN Y ENTREGA DINERARIA SIN CONTRAPRESTACIÓN ","1.500 00","2016-334 48003","1700840003","Ajuntament d'Anglès"
"1648","2016-11-15T00:00:00","BASES ESPECÍFICAS REGULADORAS DE LA CONCESIÓN DE SUBVENCIONES MUNICIPALES DEL AYUNTAMIENTO DE ANGLÈS PARA EL AÑO 2016 A OTORGAR POR CONCURRENCIA COMPETITIVA.","1.186 00","http://www.ddgi.cat/bop/faces/consultaF/index.html","G17271578 SOCIETAT DE PESCADORS ESPORTIUS D´ANGLES I COMARCA","SUBVENCIÓN Y ENTREGA DINERARIA SIN CONTRAPRESTACIÓN ","1.186 00","2016-341 48000","1700840003","Ajuntament d'Anglès"
"1649","2016-11-15T00:00:00","BASES ESPECÍFICAS REGULADORAS DE LA CONCESIÓN DE SUBVENCIONES MUNICIPALES DEL AYUNTAMIENTO DE ANGLÈS PARA EL AÑO 2016 A OTORGAR POR CONCURRENCIA COMPETITIVA.","1.500 00","http://www.ddgi.cat/bop/faces/consultaF/index.html","G17471988 AMICS DE SANTA BARBARA","SUBVENCIÓN Y ENTREGA DINERARIA SIN CONTRAPRESTACIÓN ","1.500 00","2016-334 48003","1700840003","Ajuntament d'Anglès"
"1650","2016-11-15T00:00:00","BASES ESPECÍFICAS REGULADORAS DE LA CONCESIÓN DE SUBVENCIONES MUNICIPALES DEL AYUNTAMIENTO DE ANGLÈS PARA EL AÑO 2016 A OTORGAR POR CONCURRENCIA COMPETITIVA.","1.500 00","http://www.ddgi.cat/bop/faces/consultaF/index.html","G17824954 ASSOCIACIO VAUX-ANGLES","SUBVENCIÓN Y ENTREGA DINERARIA SIN CONTRAPRESTACIÓN ","1.500 00","2016-334 48003","1700840003","Ajuntament d'Anglès"
"1651","2016-11-15T00:00:00","BASES ESPECÍFICAS REGULADORAS DE LA CONCESIÓN DE SUBVENCIONES MUNICIPALES DEL AYUNTAMIENTO DE ANGLÈS PARA EL AÑO 2016 A OTORGAR POR CONCURRENCIA COMPETITIVA.","1.500 00","http://www.ddgi.cat/bop/faces/consultaF/index.html","G17933037 ESCOLA DE FUTBOL TER- BRUGENT ASSOCIACIÓ","SUBVENCIÓN Y ENTREGA DINERARIA SIN CONTRAPRESTACIÓN ","1.500 00","2016-341 48000","1700840003","Ajuntament d'Anglès"
"1652","2016-11-15T00:00:00","BASES ESPECÍFICAS REGULADORAS DE LA CONCESIÓN DE SUBVENCIONES MUNICIPALES DEL AYUNTAMIENTO DE ANGLÈS PARA EL AÑO 2016 A OTORGAR POR CONCURRENCIA COMPETITIVA.","1.500 00","http://www.ddgi.cat/bop/faces/consultaF/index.html","G17485509 CLUB WATERPOLO ANGLES","SUBVENCIÓN Y ENTREGA DINERARIA SIN CONTRAPRESTACIÓN ","1.500 00","2016-341 48000","1700840003","Ajuntament d'Anglès"
"1653","2016-11-15T00:00:00","BASES ESPECÍFICAS REGULADORAS DE LA CONCESIÓN DE SUBVENCIONES MUNICIPALES DEL AYUNTAMIENTO DE ANGLÈS PARA EL AÑO 2016 A OTORGAR POR CONCURRENCIA COMPETITIVA.","1.441 41","http://www.ddgi.cat/bop/faces/consultaF/index.html","G17796368 CLUB PATI ANGLES","SUBVENCIÓN Y ENTREGA DINERARIA SIN CONTRAPRESTACIÓN ","1.441 41","2016-341 48000","1700840003","Ajuntament d'Anglès"
"1654","2016-11-15T00:00:00","BASES ESPECÍFICAS REGULADORAS DE LA CONCESIÓN DE SUBVENCIONES MUNICIPALES DEL AYUNTAMIENTO DE ANGLÈS PARA EL AÑO 2016 A OTORGAR POR CONCURRENCIA COMPETITIVA.","850 49","http://www.ddgi.cat/bop/faces/consultaF/index.html","G17601733 AGRUPACIÓ DE VOLUNTARIS D'ANGLÈS","SUBVENCIÓN Y ENTREGA DINERARIA SIN CONTRAPRESTACIÓN ","850 49","2016-334 48003","1700840003","Ajuntament d'Anglès"
"1655","2016-11-15T00:00:00","BASES ESPECÍFICAS REGULADORAS DE LA CONCESIÓN DE SUBVENCIONES MUNICIPALES DEL AYUNTAMIENTO DE ANGLÈS PARA EL AÑO 2016 A OTORGAR POR CONCURRENCIA COMPETITIVA.","1.500 00","http://www.ddgi.cat/bop/faces/consultaF/index.html","J17941600 GRUP PER LA RECUPERACIO DE L'ANTIGA ESG","SUBVENCIÓN Y ENTREGA DINERARIA SIN CONTRAPRESTACIÓN ","1.500 00","2016-334 48003","1700840003","Ajuntament d'Anglès"
"1656","2016-11-15T00:00:00","BASES ESPECÍFICAS REGULADORAS DE LA CONCESIÓN DE SUBVENCIONES MUNICIPALES DEL AYUNTAMIENTO DE ANGLÈS PARA EL AÑO 2016 A OTORGAR POR CONCURRENCIA COMPETITIVA.","1.500 00","http://www.ddgi.cat/bop/faces/consultaF/index.html","G17281510 SOCIEDAD DE CAZADORES DEPORTIVOS DE ANGLES Y COMAR","SUBVENCIÓN Y ENTREGA DINERARIA SIN CONTRAPRESTACIÓN ","1.500 00","2016-341 48000","1700840003","Ajuntament d'Anglès"
"1657","2016-11-15T00:00:00","BASES ESPECÍFICAS REGULADORAS DE LA CONCESIÓN DE SUBVENCIONES MUNICIPALES DEL AYUNTAMIENTO DE ANGLÈS PARA EL AÑO 2016 A OTORGAR POR CONCURRENCIA COMPETITIVA.","1.500 00","http://www.ddgi.cat/bop/faces/consultaF/index.html","G17967167 CLUB BASQUET ANGLES","SUBVENCIÓN Y ENTREGA DINERARIA SIN CONTRAPRESTACIÓN ","1.500 00","2016-341 48000","1700840003","Ajuntament d'Anglès"
"1658","2016-11-15T00:00:00","BASES ESPECÍFICAS REGULADORAS DE LA CONCESIÓN DE SUBVENCIONES MUNICIPALES DEL AYUNTAMIENTO DE ANGLÈS PARA EL AÑO 2016 A OTORGAR POR CONCURRENCIA COMPETITIVA.","1.000 00","http://www.ddgi.cat/bop/faces/consultaF/index.html","G17296534 GRUP DE TEATRE  BAMBOLINA D'ANGLES","SUBVENCIÓN Y ENTREGA DINERARIA SIN CONTRAPRESTACIÓN ","1.000 00","2016-334 48003","1700840003","Ajuntament d'Anglès"
"1659","2016-11-15T00:00:00","BASES ESPECÍFICAS REGULADORAS DE LA CONCESIÓN DE SUBVENCIONES MUNICIPALES DEL AYUNTAMIENTO DE ANGLÈS PARA EL AÑO 2016 A OTORGAR POR CONCURRENCIA COMPETITIVA.","1.500 00","http://www.ddgi.cat/bop/faces/consultaF/index.html","G17268392 CLUB ESPORTIU ANGLES","SUBVENCIÓN Y ENTREGA DINERARIA SIN CONTRAPRESTACIÓN ","1.500 00","2016-341 48000","1700840003","Ajuntament d'Anglès"
