Gid,ANY,NOMDOCUMENT,DESCESTRUCTURA,IMPORT,CODIDOCUMENT,CODIESTRUCTURA,CODIENS,NOMENS
4081,2019,TIPUS IMPOSITIUS,Impost de béns immobles: Urbana,0.96,TI,1,1700840003,Ajuntament d'Anglès
4082,2019,TIPUS IMPOSITIUS,Any de la darrere revisió cadastral,1986.00,TI,2,1700840003,Ajuntament d'Anglès
4083,2019,TIPUS IMPOSITIUS,Impost d'activitats econòmiques: Coeficient màxim,2.20,TI,6,1700840003,Ajuntament d'Anglès
4084,2019,TIPUS IMPOSITIUS,Impost d'activitats econòmiques: Coeficient mínim,2.02,TI,7,1700840003,Ajuntament d'Anglès
4085,2019,TIPUS IMPOSITIUS,IVTM turismes de menys de 8 cavalls fiscals,25.20,TI,9,1700840003,Ajuntament d'Anglès
4086,2019,TIPUS IMPOSITIUS,"IVTM turismes de 8 a 11,99 cavalls fiscals",68.00,TI,10,1700840003,Ajuntament d'Anglès
4087,2019,TIPUS IMPOSITIUS,"IVTM turismes de 12 a 15,99 cavalls fiscals",143.80,TI,11,1700840003,Ajuntament d'Anglès
4088,2019,TIPUS IMPOSITIUS,"IVTM turismes de 16 a 19,99 cavalls fiscals",179.20,TI,12,1700840003,Ajuntament d'Anglès
4089,2019,TIPUS IMPOSITIUS,IVTM turismes de 20 cavalls fiscals o més,224.00,TI,13,1700840003,Ajuntament d'Anglès
4090,2019,TIPUS IMPOSITIUS,"Impost sobre construccions, instal?lacions i obres",3.75,TI,47,1700840003,Ajuntament d'Anglès
4091,2018,TIPUS IMPOSITIUS,Impost de béns immobles: Urbana,0.96,TI,1,1700840003,Ajuntament d'Anglès
4092,2018,TIPUS IMPOSITIUS,Any de la darrere revisió cadastral,1986.00,TI,2,1700840003,Ajuntament d'Anglès
4093,2018,TIPUS IMPOSITIUS,Impost d'activitats econòmiques: Coeficient màxim,2.20,TI,6,1700840003,Ajuntament d'Anglès
4094,2018,TIPUS IMPOSITIUS,Impost d'activitats econòmiques: Coeficient mínim,2.02,TI,7,1700840003,Ajuntament d'Anglès
4095,2018,TIPUS IMPOSITIUS,IVTM turismes de menys de 8 cavalls fiscals,25.20,TI,9,1700840003,Ajuntament d'Anglès
4096,2018,TIPUS IMPOSITIUS,"IVTM turismes de 8 a 11,99 cavalls fiscals",68.00,TI,10,1700840003,Ajuntament d'Anglès
4097,2018,TIPUS IMPOSITIUS,"IVTM turismes de 12 a 15,99 cavalls fiscals",143.80,TI,11,1700840003,Ajuntament d'Anglès
4098,2018,TIPUS IMPOSITIUS,"IVTM turismes de 16 a 19,99 cavalls fiscals",179.20,TI,12,1700840003,Ajuntament d'Anglès
4099,2018,TIPUS IMPOSITIUS,IVTM turismes de 20 cavalls fiscals o més,224.00,TI,13,1700840003,Ajuntament d'Anglès
4100,2018,TIPUS IMPOSITIUS,"Impost sobre construccions, instal?lacions i obres",3.75,TI,47,1700840003,Ajuntament d'Anglès
4101,2017,TIPUS IMPOSITIUS,Impost de béns immobles: Urbana,0.89,TI,1,1700840003,Ajuntament d'Anglès
4102,2017,TIPUS IMPOSITIUS,Any de la darrere revisió cadastral,1986.00,TI,2,1700840003,Ajuntament d'Anglès
4103,2017,TIPUS IMPOSITIUS,Impost d'activitats econòmiques: Coeficient màxim,2.20,TI,6,1700840003,Ajuntament d'Anglès
4104,2017,TIPUS IMPOSITIUS,Impost d'activitats econòmiques: Coeficient mínim,2.02,TI,7,1700840003,Ajuntament d'Anglès
4105,2017,TIPUS IMPOSITIUS,IVTM turismes de menys de 8 cavalls fiscals,25.20,TI,9,1700840003,Ajuntament d'Anglès
4106,2017,TIPUS IMPOSITIUS,"IVTM turismes de 8 a 11,99 cavalls fiscals",68.00,TI,10,1700840003,Ajuntament d'Anglès
4107,2017,TIPUS IMPOSITIUS,"IVTM turismes de 12 a 15,99 cavalls fiscals",143.80,TI,11,1700840003,Ajuntament d'Anglès
4108,2017,TIPUS IMPOSITIUS,"IVTM turismes de 16 a 19,99 cavalls fiscals",179.20,TI,12,1700840003,Ajuntament d'Anglès
4109,2017,TIPUS IMPOSITIUS,IVTM turismes de 20 cavalls fiscals o més,224.00,TI,13,1700840003,Ajuntament d'Anglès
4110,2017,TIPUS IMPOSITIUS,"Impost sobre construccions, instal?lacions i obres",3.75,TI,47,1700840003,Ajuntament d'Anglès
4111,2016,TIPUS IMPOSITIUS,Impost de béns immobles: Urbana,1.07,TI,1,1700840003,Ajuntament d'Anglès
4112,2016,TIPUS IMPOSITIUS,Any de la darrere revisió cadastral,1986.00,TI,2,1700840003,Ajuntament d'Anglès
4113,2016,TIPUS IMPOSITIUS,Impost d'activitats econòmiques: Coeficient màxim,2.20,TI,6,1700840003,Ajuntament d'Anglès
4114,2016,TIPUS IMPOSITIUS,Impost d'activitats econòmiques: Coeficient mínim,2.02,TI,7,1700840003,Ajuntament d'Anglès
4115,2016,TIPUS IMPOSITIUS,IVTM turismes de menys de 8 cavalls fiscals,25.20,TI,9,1700840003,Ajuntament d'Anglès
4116,2016,TIPUS IMPOSITIUS,"IVTM turismes de 8 a 11,99 cavalls fiscals",68.00,TI,10,1700840003,Ajuntament d'Anglès
4117,2016,TIPUS IMPOSITIUS,"IVTM turismes de 12 a 15,99 cavalls fiscals",143.80,TI,11,1700840003,Ajuntament d'Anglès
4118,2016,TIPUS IMPOSITIUS,"IVTM turismes de 16 a 19,99 cavalls fiscals",179.20,TI,12,1700840003,Ajuntament d'Anglès
4119,2016,TIPUS IMPOSITIUS,IVTM turismes de 20 cavalls fiscals o més,224.00,TI,13,1700840003,Ajuntament d'Anglès
4120,2016,TIPUS IMPOSITIUS,"Impost sobre construccions, instal?lacions i obres",3.75,TI,47,1700840003,Ajuntament d'Anglès
4121,2015,TIPUS IMPOSITIUS,Impost de béns immobles: Urbana,1.07,TI,1,1700840003,Ajuntament d'Anglès
4122,2015,TIPUS IMPOSITIUS,Any de la darrere revisió cadastral,1986.00,TI,2,1700840003,Ajuntament d'Anglès
4123,2015,TIPUS IMPOSITIUS,Impost d'activitats econòmiques: Coeficient màxim,2.20,TI,6,1700840003,Ajuntament d'Anglès
4124,2015,TIPUS IMPOSITIUS,Impost d'activitats econòmiques: Coeficient mínim,2.02,TI,7,1700840003,Ajuntament d'Anglès
4125,2015,TIPUS IMPOSITIUS,IVTM turismes de menys de 8 cavalls fiscals,25.20,TI,9,1700840003,Ajuntament d'Anglès
4126,2015,TIPUS IMPOSITIUS,"IVTM turismes de 8 a 11,99 cavalls fiscals",68.00,TI,10,1700840003,Ajuntament d'Anglès
4127,2015,TIPUS IMPOSITIUS,"IVTM turismes de 12 a 15,99 cavalls fiscals",143.80,TI,11,1700840003,Ajuntament d'Anglès
4128,2015,TIPUS IMPOSITIUS,"IVTM turismes de 16 a 19,99 cavalls fiscals",179.20,TI,12,1700840003,Ajuntament d'Anglès
4129,2015,TIPUS IMPOSITIUS,IVTM turismes de 20 cavalls fiscals o més,224.00,TI,13,1700840003,Ajuntament d'Anglès
4130,2015,TIPUS IMPOSITIUS,"Impost sobre construccions, instal?lacions i obres",3.75,TI,47,1700840003,Ajuntament d'Anglès
4131,2014,TIPUS IMPOSITIUS,Impost de béns immobles: Urbana,1.07,TI,1,1700840003,Ajuntament d'Anglès
4132,2014,TIPUS IMPOSITIUS,Any de la darrere revisió cadastral,1986.00,TI,2,1700840003,Ajuntament d'Anglès
4133,2014,TIPUS IMPOSITIUS,Impost d'activitats econòmiques: Coeficient màxim,2.20,TI,6,1700840003,Ajuntament d'Anglès
4134,2014,TIPUS IMPOSITIUS,Impost d'activitats econòmiques: Coeficient mínim,2.02,TI,7,1700840003,Ajuntament d'Anglès
4135,2014,TIPUS IMPOSITIUS,IVTM turismes de menys de 8 cavalls fiscals,25.20,TI,9,1700840003,Ajuntament d'Anglès
4136,2014,TIPUS IMPOSITIUS,"IVTM turismes de 8 a 11,99 cavalls fiscals",68.00,TI,10,1700840003,Ajuntament d'Anglès
4137,2014,TIPUS IMPOSITIUS,"IVTM turismes de 12 a 15,99 cavalls fiscals",143.80,TI,11,1700840003,Ajuntament d'Anglès
4138,2014,TIPUS IMPOSITIUS,"IVTM turismes de 16 a 19,99 cavalls fiscals",179.20,TI,12,1700840003,Ajuntament d'Anglès
4139,2014,TIPUS IMPOSITIUS,IVTM turismes de 20 cavalls fiscals o més,224.00,TI,13,1700840003,Ajuntament d'Anglès
4140,2014,TIPUS IMPOSITIUS,"Impost sobre construccions, instal?lacions i obres",3.75,TI,47,1700840003,Ajuntament d'Anglès
4141,2013,TIPUS IMPOSITIUS,Impost de béns immobles: Urbana,1.10,TI,1,1700840003,Ajuntament d'Anglès
4142,2013,TIPUS IMPOSITIUS,Any de la darrere revisió cadastral,1986.00,TI,2,1700840003,Ajuntament d'Anglès
4143,2013,TIPUS IMPOSITIUS,Impost d'activitats econòmiques: Coeficient màxim,2.20,TI,6,1700840003,Ajuntament d'Anglès
4144,2013,TIPUS IMPOSITIUS,Impost d'activitats econòmiques: Coeficient mínim,2.02,TI,7,1700840003,Ajuntament d'Anglès
4145,2013,TIPUS IMPOSITIUS,IVTM turismes de menys de 8 cavalls fiscals,25.20,TI,9,1700840003,Ajuntament d'Anglès
4146,2013,TIPUS IMPOSITIUS,"IVTM turismes de 8 a 11,99 cavalls fiscals",68.00,TI,10,1700840003,Ajuntament d'Anglès
4147,2013,TIPUS IMPOSITIUS,"IVTM turismes de 12 a 15,99 cavalls fiscals",143.80,TI,11,1700840003,Ajuntament d'Anglès
4148,2013,TIPUS IMPOSITIUS,"IVTM turismes de 16 a 19,99 cavalls fiscals",179.20,TI,12,1700840003,Ajuntament d'Anglès
4149,2013,TIPUS IMPOSITIUS,IVTM turismes de 20 cavalls fiscals o més,224.00,TI,13,1700840003,Ajuntament d'Anglès
4150,2013,TIPUS IMPOSITIUS,"Impost sobre construccions, instal?lacions i obres",3.67,TI,47,1700840003,Ajuntament d'Anglès
4151,2012,TIPUS IMPOSITIUS,Impost de béns immobles: Urbana,1.07,TI,1,1700840003,Ajuntament d'Anglès
4152,2012,TIPUS IMPOSITIUS,Any de la darrere revisió cadastral,1986.00,TI,2,1700840003,Ajuntament d'Anglès
4153,2012,TIPUS IMPOSITIUS,Impost d'activitats econòmiques: Coeficient màxim,2.20,TI,6,1700840003,Ajuntament d'Anglès
4154,2012,TIPUS IMPOSITIUS,Impost d'activitats econòmiques: Coeficient mínim,2.02,TI,7,1700840003,Ajuntament d'Anglès
4155,2012,TIPUS IMPOSITIUS,IVTM turismes de menys de 8 cavalls fiscals,25.20,TI,9,1700840003,Ajuntament d'Anglès
4156,2012,TIPUS IMPOSITIUS,"IVTM turismes de 8 a 11,99 cavalls fiscals",68.00,TI,10,1700840003,Ajuntament d'Anglès
4157,2012,TIPUS IMPOSITIUS,"IVTM turismes de 12 a 15,99 cavalls fiscals",143.80,TI,11,1700840003,Ajuntament d'Anglès
4158,2012,TIPUS IMPOSITIUS,"IVTM turismes de 16 a 19,99 cavalls fiscals",179.20,TI,12,1700840003,Ajuntament d'Anglès
4159,2012,TIPUS IMPOSITIUS,IVTM turismes de 20 cavalls fiscals o més,224.00,TI,13,1700840003,Ajuntament d'Anglès
4160,2012,TIPUS IMPOSITIUS,"Impost sobre construccions, instal?lacions i obres",3.67,TI,47,1700840003,Ajuntament d'Anglès
4161,2011,TIPUS IMPOSITIUS,Impost de béns immobles: Urbana,1.03,TI,1,1700840003,Ajuntament d'Anglès
4162,2011,TIPUS IMPOSITIUS,Any de la darrere revisió cadastral,1986.00,TI,2,1700840003,Ajuntament d'Anglès
4163,2011,TIPUS IMPOSITIUS,Impost d'activitats econòmiques: Coeficient màxim,2.13,TI,6,1700840003,Ajuntament d'Anglès
4164,2011,TIPUS IMPOSITIUS,Impost d'activitats econòmiques: Coeficient mínim,1.96,TI,7,1700840003,Ajuntament d'Anglès
4165,2011,TIPUS IMPOSITIUS,IVTM turismes de menys de 8 cavalls fiscals,25.20,TI,9,1700840003,Ajuntament d'Anglès
4166,2011,TIPUS IMPOSITIUS,"IVTM turismes de 8 a 11,99 cavalls fiscals",68.00,TI,10,1700840003,Ajuntament d'Anglès
4167,2011,TIPUS IMPOSITIUS,"IVTM turismes de 12 a 15,99 cavalls fiscals",143.80,TI,11,1700840003,Ajuntament d'Anglès
4168,2011,TIPUS IMPOSITIUS,"IVTM turismes de 16 a 19,99 cavalls fiscals",179.20,TI,12,1700840003,Ajuntament d'Anglès
4169,2011,TIPUS IMPOSITIUS,IVTM turismes de 20 cavalls fiscals o més,224.00,TI,13,1700840003,Ajuntament d'Anglès
4170,2011,TIPUS IMPOSITIUS,"Impost sobre construccions, instal?lacions i obres",3.55,TI,47,1700840003,Ajuntament d'Anglès
4171,2010,TIPUS IMPOSITIUS,Impost de béns immobles: Urbana,993.00,TI,1,1700840003,Ajuntament d'Anglès
4172,2010,TIPUS IMPOSITIUS,Any de la darrere revisió cadastral,1986.00,TI,2,1700840003,Ajuntament d'Anglès
4173,2010,TIPUS IMPOSITIUS,Impost d'activitats econòmiques: Coeficient màxim,2.05,TI,6,1700840003,Ajuntament d'Anglès
4174,2010,TIPUS IMPOSITIUS,Impost d'activitats econòmiques: Coeficient mínim,1.88,TI,7,1700840003,Ajuntament d'Anglès
4175,2010,TIPUS IMPOSITIUS,IVTM turismes de menys de 8 cavalls fiscals,24.80,TI,9,1700840003,Ajuntament d'Anglès
4176,2010,TIPUS IMPOSITIUS,"IVTM turismes de 8 a 11,99 cavalls fiscals",66.80,TI,10,1700840003,Ajuntament d'Anglès
4177,2010,TIPUS IMPOSITIUS,"IVTM turismes de 12 a 15,99 cavalls fiscals",141.60,TI,11,1700840003,Ajuntament d'Anglès
4178,2010,TIPUS IMPOSITIUS,"IVTM turismes de 16 a 19,99 cavalls fiscals",176.40,TI,12,1700840003,Ajuntament d'Anglès
4179,2010,TIPUS IMPOSITIUS,IVTM turismes de 20 cavalls fiscals o més,220.80,TI,13,1700840003,Ajuntament d'Anglès
4180,2010,TIPUS IMPOSITIUS,"Impost sobre construccions, instal?lacions i obres",3.40,TI,47,1700840003,Ajuntament d'Anglès
